@context,@id,owner,signature,@type,description,name
http://schema.cassproject.org/0.3,https://sandbox.cassproject.org/api/custom/data/schema.cassproject.org.0.3.Competency/ed871e64-4af5-4b54-ad18-3cd937452888/1522269786189,-----BEGIN PUBLIC KEY-----MIIBIjANBgkqhkiG9w0BAQEFAAOCAQ8AMIIBCgKCAQEApTxgJ6CusNFf2G07gZuMmLvPjeQnY/35pX52YN+s1o48fAHT45ryLMfHnPKPBPr6KEmHtt4vQNsh5gvx8AjpHxAltKPDqe93As8ojKVEdM30VIqImM2raBuXgbJRpuUdynVCM94+uFaeSdQhvTgGoWt0qqsJ8xlaNFMEm0Bm8ExfXSRMA+8B7oFuG6qAqW3LhwRwUhbaDLqcs5kHle4jB3PaSVLGppGWNXhpzzVM9Dt4BFKyDRKiRLf8mEkInG+VyFC0YWKQdazoe8wVVHyJD5FEVB9ptqT0PcVeU3uEip1dAtSOMoSSmCIvasS+XuNIyd6pi3QlW8jTlemqELgUcwIDAQAB-----END PUBLIC KEY-----,FLRTzfR2MMWh2eaGUPBIWzTMvA7VUkTAmRV6VS9PQ7GFiRuAmIraWG9rVk30rX/hpoxmhB5OU79xc6oNH4hR9cna9yCtL/MFDAVGpVvfdPblh+kTWaPO9ShXEmfJWMseM1ZItCfYV+N2FO8ct4tbvHCjKgO+KAC2yfuND8Ek8KthV3+vt+iU7FHHTSyzfxxRVF6kRh5pG0xW89YKrMBHv0bv6Rpgz+HdRpF6a/Jz/FoxPWUbk3sCMd7NbD0niLGDl2oGNkCvmn7LqMNs4bxuBK/fUOkznuDUJM0ZqKW7YMFgRjhRmGlcaNbwlplgW4TvEPlCXL9xsqecuQ+Vp4hKwA==,Competency,Able to generate a description of a software system to be developed,Software Requirements
http://schema.cassproject.org/0.3,https://sandbox.cassproject.org/api/custom/data/schema.cassproject.org.0.3.Competency/0f157828-460d-4bb6-b9e9-4f109b14a19a/1522269813029,-----BEGIN PUBLIC KEY-----MIIBIjANBgkqhkiG9w0BAQEFAAOCAQ8AMIIBCgKCAQEApTxgJ6CusNFf2G07gZuMmLvPjeQnY/35pX52YN+s1o48fAHT45ryLMfHnPKPBPr6KEmHtt4vQNsh5gvx8AjpHxAltKPDqe93As8ojKVEdM30VIqImM2raBuXgbJRpuUdynVCM94+uFaeSdQhvTgGoWt0qqsJ8xlaNFMEm0Bm8ExfXSRMA+8B7oFuG6qAqW3LhwRwUhbaDLqcs5kHle4jB3PaSVLGppGWNXhpzzVM9Dt4BFKyDRKiRLf8mEkInG+VyFC0YWKQdazoe8wVVHyJD5FEVB9ptqT0PcVeU3uEip1dAtSOMoSSmCIvasS+XuNIyd6pi3QlW8jTlemqELgUcwIDAQAB-----END PUBLIC KEY-----,Ff4RC4AKQWNmEh0HV/aV09A4/VvUTAF9NzyENUcjDms9O6B8JhlQLjkyUuemZF9aCkQXjlBIDJLqD5EY9Nl0sEHYeAv//pJuM396OxZNvU23277MXX8pXOTY3gyoJ1DpgGO6aGpIBLQT3igLSLsbgMD+h/HQyXA5RhDSXeJvmW71ZcL7tzl9uHOHrqhWLOfYqFTKay2pnr775uQKVg/7EDPEBBG+xZG4TOR3YzDTNCzAjncLJxE263V+5mjAPNpl3wTtXlQwxhYyEFE5y+DmSF6Ugaye/qPdmWfKJNRCmIy77oVE16MThdb2emxirHlW968YVx3Y3L40/kaxC7VyiQ==,Competency,"Collecting the requirements of a system from users, customers and other stakeholders",Software Requirements Elicitation
http://schema.cassproject.org/0.3,https://sandbox.cassproject.org/api/custom/data/schema.cassproject.org.0.3.Competency/db23fc42-473e-40ef-aabc-27cd43042980/1522269785948,-----BEGIN PUBLIC KEY-----MIIBIjANBgkqhkiG9w0BAQEFAAOCAQ8AMIIBCgKCAQEApTxgJ6CusNFf2G07gZuMmLvPjeQnY/35pX52YN+s1o48fAHT45ryLMfHnPKPBPr6KEmHtt4vQNsh5gvx8AjpHxAltKPDqe93As8ojKVEdM30VIqImM2raBuXgbJRpuUdynVCM94+uFaeSdQhvTgGoWt0qqsJ8xlaNFMEm0Bm8ExfXSRMA+8B7oFuG6qAqW3LhwRwUhbaDLqcs5kHle4jB3PaSVLGppGWNXhpzzVM9Dt4BFKyDRKiRLf8mEkInG+VyFC0YWKQdazoe8wVVHyJD5FEVB9ptqT0PcVeU3uEip1dAtSOMoSSmCIvasS+XuNIyd6pi3QlW8jTlemqELgUcwIDAQAB-----END PUBLIC KEY-----,Vvf5oDXzfGLbmwAXlDag5+0mtvvgU7qD2pYC9rbGl8eqrPGYs3hc3QiCjlTe/D3afe99OiAzrJGz0tCSvsjsvv6D9U1MQwdUavlKYLRTqaDhjSndCSmD/RIpppuyV1YsfIjEn7Gehu/sDzSAIeBnqvpknAjLSBc72XzlYKE41+Bn8Mtes0+/JhZ9ftWV2aYu8P9ey/i9Bk+ZftJaLUb45ePSsLYkK4Xdr2JgP0lDYtvbz+sn8+AgF98DS9z6I8JZTkz7uWPDPCTaVKvg5BKt1yGEoRuG/j/d8FxmfdME0PnnyQJr8SMOnMrGsZgWQbKzuvAl5dskxDGCrQ5I6ETndw==,Competency,Determining the needs or conditions to meet for a new or altered product or project,Software Requirements Analysis
http://schema.cassproject.org/0.3,https://sandbox.cassproject.org/api/custom/data/schema.cassproject.org.0.3.Competency/22c152bd-2142-40aa-86fd-dde903ea6c36/1522269785823,-----BEGIN PUBLIC KEY-----MIIBIjANBgkqhkiG9w0BAQEFAAOCAQ8AMIIBCgKCAQEApTxgJ6CusNFf2G07gZuMmLvPjeQnY/35pX52YN+s1o48fAHT45ryLMfHnPKPBPr6KEmHtt4vQNsh5gvx8AjpHxAltKPDqe93As8ojKVEdM30VIqImM2raBuXgbJRpuUdynVCM94+uFaeSdQhvTgGoWt0qqsJ8xlaNFMEm0Bm8ExfXSRMA+8B7oFuG6qAqW3LhwRwUhbaDLqcs5kHle4jB3PaSVLGppGWNXhpzzVM9Dt4BFKyDRKiRLf8mEkInG+VyFC0YWKQdazoe8wVVHyJD5FEVB9ptqT0PcVeU3uEip1dAtSOMoSSmCIvasS+XuNIyd6pi3QlW8jTlemqELgUcwIDAQAB-----END PUBLIC KEY-----,Pr3ppZQ3s+MY0gd+1yapC8pATdM+Br05S6OPaxKLvMX3xIigfUM17mNTXxYBz8GjadI7zsErOBJYFmje4n5fXv87qfGY7LcPK7Ze6LMwQRhoXwvjmCv8lt7MEU9lbumSG3U/tB4r1ZEvP6pKR3t2K1y/MSbBNyGsfElPKJix0btMMKgwJz7T5ZCqngNoOQWWGzGOR0NlzeBLOZLINAbcsLtP98xA5hZuCY7W/ZeoyUrEaBgR6PCyDgDK1sGeIeGCtTsKXPY/Gv8WtbeT7IsUo8ja7WjpR9trtgmRELhB28FWRn7/mFp06BUVt3Lu9/aS9/Y6sYD3CMiVxsQjOalffw==,Competency,Lays out functional and non-functional requirements,Software Requirements Specification
http://schema.cassproject.org/0.3,https://sandbox.cassproject.org/api/custom/data/schema.cassproject.org.0.3.Competency/200a974e-85a1-4dfa-aeb6-799336d8fd0c/1522269785711,-----BEGIN PUBLIC KEY-----MIIBIjANBgkqhkiG9w0BAQEFAAOCAQ8AMIIBCgKCAQEApTxgJ6CusNFf2G07gZuMmLvPjeQnY/35pX52YN+s1o48fAHT45ryLMfHnPKPBPr6KEmHtt4vQNsh5gvx8AjpHxAltKPDqe93As8ojKVEdM30VIqImM2raBuXgbJRpuUdynVCM94+uFaeSdQhvTgGoWt0qqsJ8xlaNFMEm0Bm8ExfXSRMA+8B7oFuG6qAqW3LhwRwUhbaDLqcs5kHle4jB3PaSVLGppGWNXhpzzVM9Dt4BFKyDRKiRLf8mEkInG+VyFC0YWKQdazoe8wVVHyJD5FEVB9ptqT0PcVeU3uEip1dAtSOMoSSmCIvasS+XuNIyd6pi3QlW8jTlemqELgUcwIDAQAB-----END PUBLIC KEY-----,ClL9svt9qSqTpCT7fODdg7+GJrez50xmBe/5QKjpoXOLR1V9YqTG6lWGMsHdaE3g5VdU2bTKtGnTeWVrGs7nHXyxlKdQJ5KgU7sgZ0ii8KnJp+OJV2KivGEHuvgKz1Nhrw2SDRdSJQEf42DP0lGUaYt9p4VAUZ2p4JUpD+b3UN0O3x/8rE200VPmD9wd4MLMcQleYvMJYAvd9BlSWNwurXNDKZXablCfpwRgIJwIpIpoFpjj8hTdNinZVD29VSImuqHJYCZpOxTrb4LOccROQgh/UmqF1/ZsMrLSgHdRBfU6qQH8y722F/lj9Xl90ZUpyRqF98TG6E/iU34XXy4Z9Q==,Competency,Checking that a software system meets specifications and that it fulfils its intended purpose,Software Requirements Verification and Validation
http://schema.cassproject.org/0.3,https://sandbox.cassproject.org/api/custom/data/schema.cassproject.org.0.3.Competency/00ed3d59-3afb-4e5b-9842-0251c7965a0b/1522269785559,-----BEGIN PUBLIC KEY-----MIIBIjANBgkqhkiG9w0BAQEFAAOCAQ8AMIIBCgKCAQEApTxgJ6CusNFf2G07gZuMmLvPjeQnY/35pX52YN+s1o48fAHT45ryLMfHnPKPBPr6KEmHtt4vQNsh5gvx8AjpHxAltKPDqe93As8ojKVEdM30VIqImM2raBuXgbJRpuUdynVCM94+uFaeSdQhvTgGoWt0qqsJ8xlaNFMEm0Bm8ExfXSRMA+8B7oFuG6qAqW3LhwRwUhbaDLqcs5kHle4jB3PaSVLGppGWNXhpzzVM9Dt4BFKyDRKiRLf8mEkInG+VyFC0YWKQdazoe8wVVHyJD5FEVB9ptqT0PcVeU3uEip1dAtSOMoSSmCIvasS+XuNIyd6pi3QlW8jTlemqELgUcwIDAQAB-----END PUBLIC KEY-----,jxOKjEfXvsJdW8b5eaJpe3bh8Lgcn0YB3EQ7lIyjDgRPAHcgp85QmLdR9oyI7hNjhITsQsHVkTuTMc+6CmZuYjiWgDrqZKRVX136uYfFap9qrGTI6ZS+8UlKyx20W/jT6URfZnyJF+jt+R96/EvBKD5FOLhuIooyvP0Ym7QirlOPMrAfvOJvpriYXvMiNqesvKhMM8ep5EXIf/1iS0snUYhFNrgi9WTgu62F/o9jpCjjtBoGyaPtVuaubq42sbiJAk+H71OPDF1vRScs+OEdzr5LX3y2SYy1WiNz+3+f0zFSV9LQ/ma/Bcj17NB3aDpsvRHzE4jHCT7gsbawJzMWEg==,Competency,"All the activity involved in conceptualizing, framing, implementing, commissioning, and ultimately modifying complex systems",Software Design
http://schema.cassproject.org/0.3,https://sandbox.cassproject.org/api/custom/data/schema.cassproject.org.0.3.Competency/3be571db-2d02-482e-aa1e-655b5fa0ee93/1522269785441,-----BEGIN PUBLIC KEY-----MIIBIjANBgkqhkiG9w0BAQEFAAOCAQ8AMIIBCgKCAQEApTxgJ6CusNFf2G07gZuMmLvPjeQnY/35pX52YN+s1o48fAHT45ryLMfHnPKPBPr6KEmHtt4vQNsh5gvx8AjpHxAltKPDqe93As8ojKVEdM30VIqImM2raBuXgbJRpuUdynVCM94+uFaeSdQhvTgGoWt0qqsJ8xlaNFMEm0Bm8ExfXSRMA+8B7oFuG6qAqW3LhwRwUhbaDLqcs5kHle4jB3PaSVLGppGWNXhpzzVM9Dt4BFKyDRKiRLf8mEkInG+VyFC0YWKQdazoe8wVVHyJD5FEVB9ptqT0PcVeU3uEip1dAtSOMoSSmCIvasS+XuNIyd6pi3QlW8jTlemqELgUcwIDAQAB-----END PUBLIC KEY-----,UTZxs0f8e7NPT1Cs9E6MZgDlv1B8/V+MwalNkx7cW4wYBoB2cbjqrga7hmXxqqaqTcyrdwmcTmiQUiSHcpRM7AQUUjVf8MAaz/ab20nMl7g15tHGTNSKRl48U/xHYZCBd4CS75FStwtk3H6iS6tCfeuG0WRZJj7kCT2jBk2eAZ+D18f2ZhEd4+nShViDWskYlQnsj8XmLQSKYuryUqB/u3QBH7pMKHWtjZhzEqoCjA5dfdUe4EjMLbyU6wNG7lsCU2ztQL/zaux72SBU3TnTX96SrxINdOBlZWTpXRsuz9IHx+Q3w7t42041hK+me1k2zA9sSKYc3+lGDQrkkzu9Tw==,Competency,Requirements are translated into a representation of software,Software Design Fundamentals
http://schema.cassproject.org/0.3,https://sandbox.cassproject.org/api/custom/data/schema.cassproject.org.0.3.Competency/9a558235-48a5-499a-94e1-be33642422eb/1522269785327,-----BEGIN PUBLIC KEY-----MIIBIjANBgkqhkiG9w0BAQEFAAOCAQ8AMIIBCgKCAQEApTxgJ6CusNFf2G07gZuMmLvPjeQnY/35pX52YN+s1o48fAHT45ryLMfHnPKPBPr6KEmHtt4vQNsh5gvx8AjpHxAltKPDqe93As8ojKVEdM30VIqImM2raBuXgbJRpuUdynVCM94+uFaeSdQhvTgGoWt0qqsJ8xlaNFMEm0Bm8ExfXSRMA+8B7oFuG6qAqW3LhwRwUhbaDLqcs5kHle4jB3PaSVLGppGWNXhpzzVM9Dt4BFKyDRKiRLf8mEkInG+VyFC0YWKQdazoe8wVVHyJD5FEVB9ptqT0PcVeU3uEip1dAtSOMoSSmCIvasS+XuNIyd6pi3QlW8jTlemqELgUcwIDAQAB-----END PUBLIC KEY-----,jFZRlxdh+yFYjG3+xoTtWEg/717vSDZCpjta5I2Ea+zF5xVP54OK31Evqmb5bdWhbclQe8ISc34ORK3xqjzJ6iMnyYMgBhWXx0l7hpijZBMxihjmHQ1no8kKQLJulLzzQwYK5H3Z3WXbLCjB4VHWMhKP05A2eVYwKULzRDTkqhY0c7sDf4rH0BFApM1s95Ot+I+g82mUEj9NF950GF0rnlda+h7EASqhndg3DjNY/8IvdCSJVG1ytl8SXz2BO9rNp3eKwl3vJNGFSnNqs+0ox9349Vfs3Zx1kd/xVUT2HbWOQELgIyuroxJFESYd8N2tVLhmkVzSxHccq21nqMN2UA==,Competency,Finding the best possible design for implementing the intended solution,Software Design Strategies and Methods
http://schema.cassproject.org/0.3,https://sandbox.cassproject.org/api/custom/data/schema.cassproject.org.0.3.Competency/b524a8d6-9386-4f79-8179-02f555a7494f/1522269785206,-----BEGIN PUBLIC KEY-----MIIBIjANBgkqhkiG9w0BAQEFAAOCAQ8AMIIBCgKCAQEApTxgJ6CusNFf2G07gZuMmLvPjeQnY/35pX52YN+s1o48fAHT45ryLMfHnPKPBPr6KEmHtt4vQNsh5gvx8AjpHxAltKPDqe93As8ojKVEdM30VIqImM2raBuXgbJRpuUdynVCM94+uFaeSdQhvTgGoWt0qqsJ8xlaNFMEm0Bm8ExfXSRMA+8B7oFuG6qAqW3LhwRwUhbaDLqcs5kHle4jB3PaSVLGppGWNXhpzzVM9Dt4BFKyDRKiRLf8mEkInG+VyFC0YWKQdazoe8wVVHyJD5FEVB9ptqT0PcVeU3uEip1dAtSOMoSSmCIvasS+XuNIyd6pi3QlW8jTlemqELgUcwIDAQAB-----END PUBLIC KEY-----,JDkWmHPTmNjfIMBLDBhhlbOIttAdrhc+3zfyhBwh2Hlb1H78sIVk4BcpXLBSRC1pR5g8xKS74+gK1XZowlRFx20pU2ixiCEhpvo0cJ3KcPMRowY7Qz+SzwEOFaXBJvxupmXYGehKiIc4p+VdE+i2oJGJ0HNv+FY0Qz+ZEzT54llPrBZTXj4Nxtp6lv1iJM7fCa6TueI2YMWGhJ5c/aVTlGhG8ZRNG+eh/sOtIYshym8XcOy+mnVDzyVoQFAe3Ryt/AdieDL0ProM1qaM2aeeIhZX/vUmvQ3Dj1pQ7KfvUBNFxTjzJDLTpI3HjuS8agFPmN9aUcp+MbfBr/YnJVJSSQ==,Competency,"High level structures of a software system, the discipline of creating such structures, and the documentation of these structures",Software Architectural Design
http://schema.cassproject.org/0.3,https://sandbox.cassproject.org/api/custom/data/schema.cassproject.org.0.3.Competency/b20e7962-e216-44ba-8e45-52db11679983/1522269785071,-----BEGIN PUBLIC KEY-----MIIBIjANBgkqhkiG9w0BAQEFAAOCAQ8AMIIBCgKCAQEApTxgJ6CusNFf2G07gZuMmLvPjeQnY/35pX52YN+s1o48fAHT45ryLMfHnPKPBPr6KEmHtt4vQNsh5gvx8AjpHxAltKPDqe93As8ojKVEdM30VIqImM2raBuXgbJRpuUdynVCM94+uFaeSdQhvTgGoWt0qqsJ8xlaNFMEm0Bm8ExfXSRMA+8B7oFuG6qAqW3LhwRwUhbaDLqcs5kHle4jB3PaSVLGppGWNXhpzzVM9Dt4BFKyDRKiRLf8mEkInG+VyFC0YWKQdazoe8wVVHyJD5FEVB9ptqT0PcVeU3uEip1dAtSOMoSSmCIvasS+XuNIyd6pi3QlW8jTlemqELgUcwIDAQAB-----END PUBLIC KEY-----,YHKLif2TVA0YxXx0sRDEguacqx1XfkwTHoTkQTDN5ym8muEhUBdiJalzEgJNmEGFVvTLxIAOVX7sYtBDDEQYWNH4wJxqZZlQNWjKLdYGutBt2hBnLqqvI1x9kHwfzqwSsdqlUU3v/5NANhuvDZarpWhgnp0RqDF3cBJey1wNDfluprwLesbQFvwFkfnWVn8e54TwZ4IVE0E0TRit0tecIDdNbomKcR+25YWcs5vfaB/hff0gjwQNiMLToNQUaa8nNGaj+YAZFe3/d1XFysHH/kxEhF0BTt4dwgMdB9lprO4JyJPwwcRQGbVgpFTJ6onydBuJisQiRcqZzVWw+PNCwA==,Competency,Conformance of a software design with respect to the functional requirements,Software Design Quality Analysis and Evaluation
http://schema.cassproject.org/0.3,https://sandbox.cassproject.org/api/custom/data/schema.cassproject.org.0.3.Competency/93dabc4c-a24f-436a-9d2e-2a2b9a94ec68/1522269784937,-----BEGIN PUBLIC KEY-----MIIBIjANBgkqhkiG9w0BAQEFAAOCAQ8AMIIBCgKCAQEApTxgJ6CusNFf2G07gZuMmLvPjeQnY/35pX52YN+s1o48fAHT45ryLMfHnPKPBPr6KEmHtt4vQNsh5gvx8AjpHxAltKPDqe93As8ojKVEdM30VIqImM2raBuXgbJRpuUdynVCM94+uFaeSdQhvTgGoWt0qqsJ8xlaNFMEm0Bm8ExfXSRMA+8B7oFuG6qAqW3LhwRwUhbaDLqcs5kHle4jB3PaSVLGppGWNXhpzzVM9Dt4BFKyDRKiRLf8mEkInG+VyFC0YWKQdazoe8wVVHyJD5FEVB9ptqT0PcVeU3uEip1dAtSOMoSSmCIvasS+XuNIyd6pi3QlW8jTlemqELgUcwIDAQAB-----END PUBLIC KEY-----,IFvft4njXZ6bH/zcrtmPH7JxhoDGG5eBgP94QPlv/FvwkwNFTWM5Sdprk/Z8lcvIzKwGqVYlD5dcpOOCcFjslKgb4cudoyOOxdhrx6/m7OftA41NQUtW8INLTL+viZsPisGmG+UMJ+/e2vDCwWvKy2l/Pj2Plo5CJpBT8WZo6l7ShHXC4Y7/8F+EvKxRriNQHwEz71+XpczlQFBXwk1YqWx57LgfvK/riflum5KvlO5SPwud4lLlS6xsOl2BLo+Kz1UEts1kKQVsedZ+j8wPhBldALb2diw5o29qw1Z3t8hGHLtWQOogKIojsQtJVmlPh9uSi/gzJU3ncLC87i0h8g==,Competency,"Detailed creation of working meaningful software through a combination of coding, verification, unit testing, integration testing, and debugging",Software Construction
http://schema.cassproject.org/0.3,https://sandbox.cassproject.org/api/custom/data/schema.cassproject.org.0.3.Competency/888a1f22-455e-483b-aeca-3e334ab10cde/1522269784810,-----BEGIN PUBLIC KEY-----MIIBIjANBgkqhkiG9w0BAQEFAAOCAQ8AMIIBCgKCAQEApTxgJ6CusNFf2G07gZuMmLvPjeQnY/35pX52YN+s1o48fAHT45ryLMfHnPKPBPr6KEmHtt4vQNsh5gvx8AjpHxAltKPDqe93As8ojKVEdM30VIqImM2raBuXgbJRpuUdynVCM94+uFaeSdQhvTgGoWt0qqsJ8xlaNFMEm0Bm8ExfXSRMA+8B7oFuG6qAqW3LhwRwUhbaDLqcs5kHle4jB3PaSVLGppGWNXhpzzVM9Dt4BFKyDRKiRLf8mEkInG+VyFC0YWKQdazoe8wVVHyJD5FEVB9ptqT0PcVeU3uEip1dAtSOMoSSmCIvasS+XuNIyd6pi3QlW8jTlemqELgUcwIDAQAB-----END PUBLIC KEY-----,K8MBSanblrbkAaFRmF4Dm8OZ2iVZDP4WEPAI0ct4Kh61swyrD5Arf/Xv6YC4hHr3RthOGLeU3QRn1+aH5nP0PFr02Y+jQn++06ybb6ZkTNQoDgNsMoPl+RI73eHSyTiFuaVV/+gM37qhSM7o/ZTaIVZ6VSY0Dw4fE4QCbeBBaKpig1yFmipQn/WKZ+cPH0ehQvpXJGXoEPS9EcqRCFHI2tAs+MK/vZIq9ys6RZzLBiBTdAszTS7mrhBpXSZaCBqFUfvzQOJcWdJSIQ3ys2wfWp4Lrz8QXkpHZrswCCfvrACLuckGW8QRz7O1zJ61BdNNnBJjpJxAy7Q0CQaiQyP6xg==,Competency,"Planning the methodologies, environments, and resources needed to successfully implement a software design",Software Construction Planning
http://schema.cassproject.org/0.3,https://sandbox.cassproject.org/api/custom/data/schema.cassproject.org.0.3.Competency/6e906ca9-8322-446d-9cf3-6955bcddba3a/1522269784296,-----BEGIN PUBLIC KEY-----MIIBIjANBgkqhkiG9w0BAQEFAAOCAQ8AMIIBCgKCAQEApTxgJ6CusNFf2G07gZuMmLvPjeQnY/35pX52YN+s1o48fAHT45ryLMfHnPKPBPr6KEmHtt4vQNsh5gvx8AjpHxAltKPDqe93As8ojKVEdM30VIqImM2raBuXgbJRpuUdynVCM94+uFaeSdQhvTgGoWt0qqsJ8xlaNFMEm0Bm8ExfXSRMA+8B7oFuG6qAqW3LhwRwUhbaDLqcs5kHle4jB3PaSVLGppGWNXhpzzVM9Dt4BFKyDRKiRLf8mEkInG+VyFC0YWKQdazoe8wVVHyJD5FEVB9ptqT0PcVeU3uEip1dAtSOMoSSmCIvasS+XuNIyd6pi3QlW8jTlemqELgUcwIDAQAB-----END PUBLIC KEY-----,IdmtGaohK7Vzn0ULoeujtYQXgo0bTbqDAQ+LuYGasUmqoYb7fFV0dUrvuDlMufbah6FX5I3hK+8DFCErqYHuSNg1D/Obw0+jQdLXL/UgulmxQLY1nbseUQv1IFE51F8tyo0OucSyRJ3QaZ/1C9Ovr7/HsRPUIcQBamLBbohJYP7W4dbtrSXDcrjbfFJM1rbAX+yoyW2xPqqb/O6ZOrvs0QiHYwiTJPZg4NxpyZbtoW5jJ/6G4nTa6Q0OG3WQCbb0QRGShtoKD5IznMr0Wq9iBShhiqof9K/5+fK0rDktALqROcx62M76bCQK2kTKcPmk16oXTUN0il1So5c5GkSG2w==,Competency,"Real time management of the methodologies, environments, and resources needed to successfully implement a software design",Managing Software Construction
http://schema.cassproject.org/0.3,https://sandbox.cassproject.org/api/custom/data/schema.cassproject.org.0.3.Competency/f02d2b55-9b0f-479e-978b-ae48832ff3c6/1522269784178,-----BEGIN PUBLIC KEY-----MIIBIjANBgkqhkiG9w0BAQEFAAOCAQ8AMIIBCgKCAQEApTxgJ6CusNFf2G07gZuMmLvPjeQnY/35pX52YN+s1o48fAHT45ryLMfHnPKPBPr6KEmHtt4vQNsh5gvx8AjpHxAltKPDqe93As8ojKVEdM30VIqImM2raBuXgbJRpuUdynVCM94+uFaeSdQhvTgGoWt0qqsJ8xlaNFMEm0Bm8ExfXSRMA+8B7oFuG6qAqW3LhwRwUhbaDLqcs5kHle4jB3PaSVLGppGWNXhpzzVM9Dt4BFKyDRKiRLf8mEkInG+VyFC0YWKQdazoe8wVVHyJD5FEVB9ptqT0PcVeU3uEip1dAtSOMoSSmCIvasS+XuNIyd6pi3QlW8jTlemqELgUcwIDAQAB-----END PUBLIC KEY-----,eMfD7nV3500GJYMSDeHqzCPKk4Yu1u+v7GIw+zr71DM8UuslrlRE+Xo1YumZuL7AMSpoqYM28M/0quWegtlIXbgiApGvYNMiuneRe2I0G02ClGabPJcebNj05YChJp4gspiNSD0QThOnQ2wmh6de3ajJ39X6LjVzUtq1se9GCc05SJeKDODvy+wT2q3wEvvyxNCgwtj7S1kzTe2L3RdTeogG1MHgTAIfVzrYOAemg6gyjg4sbSV3hVUIxHvxcn39+ceyCU0QrEBA2g6MrNODbuFjSdwHzHcGTSqQvCRukywJRk5xlDI1a1cfXAZeCk1I72McNR2LI4gGEhN2I2ucAw==,Competency,The low-level design and implementation of the structures and components identified in a high-level software system design,Detailed Design and Coding
http://schema.cassproject.org/0.3,https://sandbox.cassproject.org/api/custom/data/schema.cassproject.org.0.3.Competency/0d5adf0d-9b9b-478f-b07a-15cf539c65a8/1522269784058,-----BEGIN PUBLIC KEY-----MIIBIjANBgkqhkiG9w0BAQEFAAOCAQ8AMIIBCgKCAQEApTxgJ6CusNFf2G07gZuMmLvPjeQnY/35pX52YN+s1o48fAHT45ryLMfHnPKPBPr6KEmHtt4vQNsh5gvx8AjpHxAltKPDqe93As8ojKVEdM30VIqImM2raBuXgbJRpuUdynVCM94+uFaeSdQhvTgGoWt0qqsJ8xlaNFMEm0Bm8ExfXSRMA+8B7oFuG6qAqW3LhwRwUhbaDLqcs5kHle4jB3PaSVLGppGWNXhpzzVM9Dt4BFKyDRKiRLf8mEkInG+VyFC0YWKQdazoe8wVVHyJD5FEVB9ptqT0PcVeU3uEip1dAtSOMoSSmCIvasS+XuNIyd6pi3QlW8jTlemqELgUcwIDAQAB-----END PUBLIC KEY-----,eBgvi6UkMxpM01BE5R1p49t9upi0vLh9I3kskhHJNIfltMh6b3fOiMANk57B0uY1afcz29RMhfRYdHGC45Efqa1a6yhJMvcy2bTiQLpwIJXtlABv+b2Gt+SRKkhZ5BlepYhpQZ/w1ei1pYHI8AMVyD5sBhMm7LGfao1UiPljWc3tbdSYojHcKZnkuFAfF4ZweO0Ett3+TVwhcoVl7zRBFv1kr0W9EQguHL3VYKWUBcaz25qyEc392MJ0bWoEw8zRNjy+GfpnKuVZG8Rzb3rbH7VE7RaiSXa8VeLYntZHcovFAjtD9AKole/P08+DXwPjS1GbFtjFjqx4/W9jdoRpVQ==,Competency,The identification and correction of errors in the components of a software system,Debugging and Testing
http://schema.cassproject.org/0.3,https://sandbox.cassproject.org/api/custom/data/schema.cassproject.org.0.3.Competency/f895705f-828f-4da3-94b8-ba5772db29d9/1522269783957,-----BEGIN PUBLIC KEY-----MIIBIjANBgkqhkiG9w0BAQEFAAOCAQ8AMIIBCgKCAQEApTxgJ6CusNFf2G07gZuMmLvPjeQnY/35pX52YN+s1o48fAHT45ryLMfHnPKPBPr6KEmHtt4vQNsh5gvx8AjpHxAltKPDqe93As8ojKVEdM30VIqImM2raBuXgbJRpuUdynVCM94+uFaeSdQhvTgGoWt0qqsJ8xlaNFMEm0Bm8ExfXSRMA+8B7oFuG6qAqW3LhwRwUhbaDLqcs5kHle4jB3PaSVLGppGWNXhpzzVM9Dt4BFKyDRKiRLf8mEkInG+VyFC0YWKQdazoe8wVVHyJD5FEVB9ptqT0PcVeU3uEip1dAtSOMoSSmCIvasS+XuNIyd6pi3QlW8jTlemqELgUcwIDAQAB-----END PUBLIC KEY-----,VasVEDEb1Nq34bJ4a/fut5b9CZahHQR/glFrqyYT2npLnm9M4LyOBId5y2AAAczQqffBauY5fk73jcRJ0dObDL/RwI2yxHH9hOv+iyxMIkRSY4jl2RsL15YThzl1sTNNISrdBP5o41bvcnR4X6tUYrOpNSDDbTBcSPyX7AiPEwW+mW0UpE6PEVSNsoyjUwfblLhBIhB56emcRItOmLu2bw+76CZQKdwwswLI9XFbhXkavFD6gLVoLUfruZ/S4SOwL67IhmFljPS+1rgejL8qISY5VpMjeoIO58kyrpNE0nYr9VqjIsA1nprmUspsQHJVPpV+xq+k9QYGY1/uxt4eXw==,Competency,Integrating separate components in a software system,Integrating and Collaborating
http://schema.cassproject.org/0.3,https://sandbox.cassproject.org/api/custom/data/schema.cassproject.org.0.3.Competency/3db2a927-02ec-4834-b707-f195b0138f4e/1522269783841,-----BEGIN PUBLIC KEY-----MIIBIjANBgkqhkiG9w0BAQEFAAOCAQ8AMIIBCgKCAQEApTxgJ6CusNFf2G07gZuMmLvPjeQnY/35pX52YN+s1o48fAHT45ryLMfHnPKPBPr6KEmHtt4vQNsh5gvx8AjpHxAltKPDqe93As8ojKVEdM30VIqImM2raBuXgbJRpuUdynVCM94+uFaeSdQhvTgGoWt0qqsJ8xlaNFMEm0Bm8ExfXSRMA+8B7oFuG6qAqW3LhwRwUhbaDLqcs5kHle4jB3PaSVLGppGWNXhpzzVM9Dt4BFKyDRKiRLf8mEkInG+VyFC0YWKQdazoe8wVVHyJD5FEVB9ptqT0PcVeU3uEip1dAtSOMoSSmCIvasS+XuNIyd6pi3QlW8jTlemqELgUcwIDAQAB-----END PUBLIC KEY-----,falVOLqzx6vkavTHw+Z9Tap2vAjesUYUQvi33aCocU7NH2Sd6xYIPOEWtCIZ7HEYMjoV4Z0g57qL0nQhW7tDpjxXP1nmtQpBLw8isgVD4BiU+fE94I/q5njrhEOtyweKolqOdCGwo4iNug/SSiFipx2j2aqlFnGVES64/zKOhqnozvRSs3Xk7KXrqD5Q5CZG1P6i4cOnFQni1WscedN2fu6kNnVCkf85ecdkwWn1lVZ5SVYMxUhItx8btWHGfs7w4E8m6OQFRn4+N+d6fMBXxafixhJLI4MfUUl2WJBL5HLuWHHDsbEI3sN5/1tSBhKRpahoc/f3AnOH40JmK+Gn1A==,Competency,The execution of a software component or system component to evaluate one or more properties of interest,Software Testing
http://schema.cassproject.org/0.3,https://sandbox.cassproject.org/api/custom/data/schema.cassproject.org.0.3.Competency/f7de4e85-5cc5-44d5-bb5f-5ca96655e585/1522269783729,-----BEGIN PUBLIC KEY-----MIIBIjANBgkqhkiG9w0BAQEFAAOCAQ8AMIIBCgKCAQEApTxgJ6CusNFf2G07gZuMmLvPjeQnY/35pX52YN+s1o48fAHT45ryLMfHnPKPBPr6KEmHtt4vQNsh5gvx8AjpHxAltKPDqe93As8ojKVEdM30VIqImM2raBuXgbJRpuUdynVCM94+uFaeSdQhvTgGoWt0qqsJ8xlaNFMEm0Bm8ExfXSRMA+8B7oFuG6qAqW3LhwRwUhbaDLqcs5kHle4jB3PaSVLGppGWNXhpzzVM9Dt4BFKyDRKiRLf8mEkInG+VyFC0YWKQdazoe8wVVHyJD5FEVB9ptqT0PcVeU3uEip1dAtSOMoSSmCIvasS+XuNIyd6pi3QlW8jTlemqELgUcwIDAQAB-----END PUBLIC KEY-----,ZfYGhOrLl1r2hVd8GHkKi263MG18qSWHAVQxPZroIBP5HJR31kNuWiU7ysTo7VPnIKgfU1x+cJVb7+00dnReECVI72bjY7QTixQpO9eFStDqh5Mt8EoCfQhBHiYTo1r96oK/hWrjBICoT9qDpenRqCo0VZE1EmYZCZT3a13ts5dlJwReWXtyzteFSqeMOo10A8CS/fg/++VzgB6zrrlRsMg2KsyKjT2Unt4Bl4P/oWP2wV+4/gMzXkR2hW+V77y+OVZxyJaqJVB1jbAKiccAK1GkQ+5XxTBYPen0kw99z2yKqrdem5vyuxTU9eYT5oBK7tCzU1V/Ny+AM0bXuhMNJQ==,Competency,Planning the formal test phases of a software system,Software Test Planning
http://schema.cassproject.org/0.3,https://sandbox.cassproject.org/api/custom/data/schema.cassproject.org.0.3.Competency/f3bba653-9ca8-4998-9858-4677037b6ae7/1522269783616,-----BEGIN PUBLIC KEY-----MIIBIjANBgkqhkiG9w0BAQEFAAOCAQ8AMIIBCgKCAQEApTxgJ6CusNFf2G07gZuMmLvPjeQnY/35pX52YN+s1o48fAHT45ryLMfHnPKPBPr6KEmHtt4vQNsh5gvx8AjpHxAltKPDqe93As8ojKVEdM30VIqImM2raBuXgbJRpuUdynVCM94+uFaeSdQhvTgGoWt0qqsJ8xlaNFMEm0Bm8ExfXSRMA+8B7oFuG6qAqW3LhwRwUhbaDLqcs5kHle4jB3PaSVLGppGWNXhpzzVM9Dt4BFKyDRKiRLf8mEkInG+VyFC0YWKQdazoe8wVVHyJD5FEVB9ptqT0PcVeU3uEip1dAtSOMoSSmCIvasS+XuNIyd6pi3QlW8jTlemqELgUcwIDAQAB-----END PUBLIC KEY-----,PcSobyiESGEwAw0rKiqaU7jCQvOo6v757fvNJCaQd2K9Fyb8/E+7gZ2OuUS8gkcbtmOlgUCKEQfOc983pgmx42M/csrQknVkPlnPl2MpoAU86kyRmmekCLWMDdkupgjwI+EneTUZcOvGQ9nB4TJVUcfW8HI8Vx6gDfiJ0mZrFKBaZpil6GXIyjDIGjH+87dlsq4vlN97qrE8KfR63UoO5y44e2/o+Sj2+jYGkpzJ1LkeMKazzWhqWL2ej3L7e3jHm7XWVVx/IoFOr8V9hCL4vj6Lq7oYItrclwWBisyn8s/hz7v7oyAw1ANNvAlaI78p3wgUcL9Je93VZ8KA4145Wg==,Competency,Use of interconnected software and hardware components for testing a software system,Software Testing Infrastructure/Techniques
http://schema.cassproject.org/0.3,https://sandbox.cassproject.org/api/custom/data/schema.cassproject.org.0.3.Competency/d30e36fb-c535-4982-9534-7ecc1aab6f31/1522269783508,-----BEGIN PUBLIC KEY-----MIIBIjANBgkqhkiG9w0BAQEFAAOCAQ8AMIIBCgKCAQEApTxgJ6CusNFf2G07gZuMmLvPjeQnY/35pX52YN+s1o48fAHT45ryLMfHnPKPBPr6KEmHtt4vQNsh5gvx8AjpHxAltKPDqe93As8ojKVEdM30VIqImM2raBuXgbJRpuUdynVCM94+uFaeSdQhvTgGoWt0qqsJ8xlaNFMEm0Bm8ExfXSRMA+8B7oFuG6qAqW3LhwRwUhbaDLqcs5kHle4jB3PaSVLGppGWNXhpzzVM9Dt4BFKyDRKiRLf8mEkInG+VyFC0YWKQdazoe8wVVHyJD5FEVB9ptqT0PcVeU3uEip1dAtSOMoSSmCIvasS+XuNIyd6pi3QlW8jTlemqELgUcwIDAQAB-----END PUBLIC KEY-----,k7AXpKObtIJ83pwQnyAhO7n8SfkCG1jsLJpP9jRcchA8YV1yGDgS3FfNzXllM0sr/fhYvZk7JTWzZDMXDWHRzCN2YIrt64EJ2ErCHHgaCG9d4TnTjIr085jS7FRviiajcpgrnhyJl6nxbABQs0srZwHZC/l44Lr9GZNkUwsFoghGrXHNE6ADHqg1OPXO4Ilx0azwbh+E34skpFD258N6VG/VXOfbjlQQeLmZ/5fHR2a/+NvyreknaHVL7FlYnY5xSrGo6in3PFejAzrehWqF8Fu9BFVvURkxdZIuSsCywkm/iby/srrX7LlAVbtZDs2tjHMYy+WqQHAunjb2C8cREA==,Competency,"Tracking the logged defects in a software system from beginning to closure (by inspection, testing, or recording feedback from customers), and making new versions of the product that fix the defects",Software Testing Measurement and Defect Tracking
http://schema.cassproject.org/0.3,https://sandbox.cassproject.org/api/custom/data/schema.cassproject.org.0.3.Competency/0d367edd-4686-4e1b-9480-199784efa9ed/1522269783384,-----BEGIN PUBLIC KEY-----MIIBIjANBgkqhkiG9w0BAQEFAAOCAQ8AMIIBCgKCAQEApTxgJ6CusNFf2G07gZuMmLvPjeQnY/35pX52YN+s1o48fAHT45ryLMfHnPKPBPr6KEmHtt4vQNsh5gvx8AjpHxAltKPDqe93As8ojKVEdM30VIqImM2raBuXgbJRpuUdynVCM94+uFaeSdQhvTgGoWt0qqsJ8xlaNFMEm0Bm8ExfXSRMA+8B7oFuG6qAqW3LhwRwUhbaDLqcs5kHle4jB3PaSVLGppGWNXhpzzVM9Dt4BFKyDRKiRLf8mEkInG+VyFC0YWKQdazoe8wVVHyJD5FEVB9ptqT0PcVeU3uEip1dAtSOMoSSmCIvasS+XuNIyd6pi3QlW8jTlemqELgUcwIDAQAB-----END PUBLIC KEY-----,RaKK5ayKUVqB77n/4calIIb/DAt5WqkkA5vEvaWuKFeIBqBULrKrzqFbpsk0VKj2WCz6QaLv0QzEFxX2iViFK8eGlMOMnRuBdEFXEJfcZUSs0Mns2UIpP2Xsn2qkGgjf1HuOklwM5i8Op4mMiei8wArooFui3oX6xS20Qu2+a/YBxwVq0tsm14feNfcQALCghsRomFUEUlTyR9b1sPVzYvylFbNOHh5YhkbPPJ+GxR2QqgYXqlW0gB7NoJmCyJHu6LIikabwMgcW6lAsond0fbf90/Q3vJTQGU3VRgvhxtaM4tvhn/yiiFxHUX9ExyAfyU/LfUD1nZcBMXaiisling==,Competency,Sustaining a software system after release,Software Sustainment
http://schema.cassproject.org/0.3,https://sandbox.cassproject.org/api/custom/data/schema.cassproject.org.0.3.Competency/99723304-7156-4073-b0a2-8f8d201b2986/1522269783277,-----BEGIN PUBLIC KEY-----MIIBIjANBgkqhkiG9w0BAQEFAAOCAQ8AMIIBCgKCAQEApTxgJ6CusNFf2G07gZuMmLvPjeQnY/35pX52YN+s1o48fAHT45ryLMfHnPKPBPr6KEmHtt4vQNsh5gvx8AjpHxAltKPDqe93As8ojKVEdM30VIqImM2raBuXgbJRpuUdynVCM94+uFaeSdQhvTgGoWt0qqsJ8xlaNFMEm0Bm8ExfXSRMA+8B7oFuG6qAqW3LhwRwUhbaDLqcs5kHle4jB3PaSVLGppGWNXhpzzVM9Dt4BFKyDRKiRLf8mEkInG+VyFC0YWKQdazoe8wVVHyJD5FEVB9ptqT0PcVeU3uEip1dAtSOMoSSmCIvasS+XuNIyd6pi3QlW8jTlemqELgUcwIDAQAB-----END PUBLIC KEY-----,eMkPtwvHV8+Cxagv9aa3kgyykf4QzRcKzyfPJ1SWZUwUimOGTvmM9ii9IixsOxAbfle/qm1OIX9oudz4pDJ7XC8GFkP7AhxhG9W6oRzlO36yeXWjDBH3hDy0s/ipEd8aUa7blsryLJoJcikwBoKNm5PvgeVOnMA0ZHZRun+hlTQp3chW9Yy42EOyc0mRMFmaY5/ou9Ha/O3yy9NN2DGxGt8Tbr9NA6v3VBV0/4tZ33RWIGwlcNU2ks0GgTSfWFIUbb4tUpibmm+q6dpiY7JrY59L76FJNWlgPFwKqZux6rmTOnSw+HnoZchdGwzrv7v6rCmnLuvSX2QKyviRJNqgNg==,Competency,"Migrating knowledge, systems, and operating capabilities between the creator to consumer",Software Transition
http://schema.cassproject.org/0.3,https://sandbox.cassproject.org/api/custom/data/schema.cassproject.org.0.3.Competency/5475fa06-cb82-419e-8514-0527029c69b1/1522269783149,-----BEGIN PUBLIC KEY-----MIIBIjANBgkqhkiG9w0BAQEFAAOCAQ8AMIIBCgKCAQEApTxgJ6CusNFf2G07gZuMmLvPjeQnY/35pX52YN+s1o48fAHT45ryLMfHnPKPBPr6KEmHtt4vQNsh5gvx8AjpHxAltKPDqe93As8ojKVEdM30VIqImM2raBuXgbJRpuUdynVCM94+uFaeSdQhvTgGoWt0qqsJ8xlaNFMEm0Bm8ExfXSRMA+8B7oFuG6qAqW3LhwRwUhbaDLqcs5kHle4jB3PaSVLGppGWNXhpzzVM9Dt4BFKyDRKiRLf8mEkInG+VyFC0YWKQdazoe8wVVHyJD5FEVB9ptqT0PcVeU3uEip1dAtSOMoSSmCIvasS+XuNIyd6pi3QlW8jTlemqELgUcwIDAQAB-----END PUBLIC KEY-----,EmYXQsMnOZ1qsGBFqvJxstkuPEuUXKKlYnEbESnftQOBuHzZyBNVxO8a6BcDdGoOEyI4sLzXzOcU+5A0NZjb3krRN+L9jF19eoYXbU/nbi6oLytLT1O3pDno2bSu6KIkSVqLYSjGQBFMCehi4bsxE4qG/Ps197Wc10frqlsjbE+0SwjfdUNaljF2zGkeKeGqtJ0Pt5FCehCBR2YkSwOUfIYP/AI4EsHV5gK1oP7oyFtQAmeNSPnpe4Mq8RYpxSSNLVXKZWrQZavbqi+0N6OcNr+LB6ZhoqVaYXdiXUm6wmJ3TYr49GSelGruysPoueBbN+BitHXsom3l+0+Dl+43+A==,Competency,The services by which entities provide assistance to users of software system,Software Support
http://schema.cassproject.org/0.3,https://sandbox.cassproject.org/api/custom/data/schema.cassproject.org.0.3.Competency/b25ba096-f8e9-400f-85ae-220f99662fed/1522269783022,-----BEGIN PUBLIC KEY-----MIIBIjANBgkqhkiG9w0BAQEFAAOCAQ8AMIIBCgKCAQEApTxgJ6CusNFf2G07gZuMmLvPjeQnY/35pX52YN+s1o48fAHT45ryLMfHnPKPBPr6KEmHtt4vQNsh5gvx8AjpHxAltKPDqe93As8ojKVEdM30VIqImM2raBuXgbJRpuUdynVCM94+uFaeSdQhvTgGoWt0qqsJ8xlaNFMEm0Bm8ExfXSRMA+8B7oFuG6qAqW3LhwRwUhbaDLqcs5kHle4jB3PaSVLGppGWNXhpzzVM9Dt4BFKyDRKiRLf8mEkInG+VyFC0YWKQdazoe8wVVHyJD5FEVB9ptqT0PcVeU3uEip1dAtSOMoSSmCIvasS+XuNIyd6pi3QlW8jTlemqELgUcwIDAQAB-----END PUBLIC KEY-----,KV0noxwIBMiLPM0shTkwkcptJBPOf5hta2jtkSY+KHPygz5GRNIwuyjjPVJWv4bKTr8aMxhJc0yar1OOC71z3t3/7reJsX3Kz5/bAXAH1IazEHTbQnzlDug2TIrwwVFH+g6q2M62UkYmIWfWggPX/KXhdPuaTeRY+6aB4J4ouqJseW//B3ZSdzPTpc1wSWL+JvhLNpiOSLOY+hsQ5jqz0XtP/cr3jYF5EiitdKrIcAfcXNK8Xsqnz77dtTfrfJNlGusG+GN/D9trRCC2kreKEprBMbbfviCKGp7D3Y/T4buVOgH3/Pao+mfZ5iJWkHCChQ9VI7lTZjcdMNhhlfTTUQ==,Competency,"Modification of a software system after delivery to correct faults, to improve performance or other attributes",Software Maintenance
http://schema.cassproject.org/0.3,https://sandbox.cassproject.org/api/custom/data/schema.cassproject.org.0.3.Competency/dbb48581-b4ed-4bb7-8391-8d14fbedc9c5/1522269782917,-----BEGIN PUBLIC KEY-----MIIBIjANBgkqhkiG9w0BAQEFAAOCAQ8AMIIBCgKCAQEApTxgJ6CusNFf2G07gZuMmLvPjeQnY/35pX52YN+s1o48fAHT45ryLMfHnPKPBPr6KEmHtt4vQNsh5gvx8AjpHxAltKPDqe93As8ojKVEdM30VIqImM2raBuXgbJRpuUdynVCM94+uFaeSdQhvTgGoWt0qqsJ8xlaNFMEm0Bm8ExfXSRMA+8B7oFuG6qAqW3LhwRwUhbaDLqcs5kHle4jB3PaSVLGppGWNXhpzzVM9Dt4BFKyDRKiRLf8mEkInG+VyFC0YWKQdazoe8wVVHyJD5FEVB9ptqT0PcVeU3uEip1dAtSOMoSSmCIvasS+XuNIyd6pi3QlW8jTlemqELgUcwIDAQAB-----END PUBLIC KEY-----,jKlUKpd/GvN/nho95dY6gBVCN2Ifgtw32M+rRvVy5aRCf4g92VToXN946Z/N0YkUdXFLGrCVNnIoPqTnPazgoQv+7tabKurUDNMmi57q2IngeSfdLDtehI4eIgMha7S4Vm/KGBf7MYZgo3jLIgr2sTl1Xb2ArVD+zFoMuAJvhjBetD6fVag5JTywf1f2lnEhUGHI67oUWY7C9Jj0+bXFDmHp3tvjYHvuIsBfW7R8qtJsOqSKEfNjE3G5qxvKqsObobFrBOnnPtM93Nv32adCsyien/bE+ScqxTgDJp7L453DirP1+mrDPg1lGni7TKJIovJvt3CPqNioT4XJHIDCHw==,Competency,"Planning, creating, testing, and deploying a software system",Software Process and Life Cycle
http://schema.cassproject.org/0.3,https://sandbox.cassproject.org/api/custom/data/schema.cassproject.org.0.3.Competency/d141c199-d7dc-4af7-8e3c-0ab9509e8ce3/1522269782790,-----BEGIN PUBLIC KEY-----MIIBIjANBgkqhkiG9w0BAQEFAAOCAQ8AMIIBCgKCAQEApTxgJ6CusNFf2G07gZuMmLvPjeQnY/35pX52YN+s1o48fAHT45ryLMfHnPKPBPr6KEmHtt4vQNsh5gvx8AjpHxAltKPDqe93As8ojKVEdM30VIqImM2raBuXgbJRpuUdynVCM94+uFaeSdQhvTgGoWt0qqsJ8xlaNFMEm0Bm8ExfXSRMA+8B7oFuG6qAqW3LhwRwUhbaDLqcs5kHle4jB3PaSVLGppGWNXhpzzVM9Dt4BFKyDRKiRLf8mEkInG+VyFC0YWKQdazoe8wVVHyJD5FEVB9ptqT0PcVeU3uEip1dAtSOMoSSmCIvasS+XuNIyd6pi3QlW8jTlemqELgUcwIDAQAB-----END PUBLIC KEY-----,kgbbUNg7qGxxePA1MN9HHTTtvS3GOzb+qsvmzwjXoDqhFUDZsoDgZR7Z1PxS/eZLDzQKI91Vh9z8pVKxi4iTj0OWfmWJ3Jm56UHEI4N4k3CsOHrQ/nbggMG5FCNwoEHa1+SjzbnaKu5vdrUz6/J+kULRu6dlpZWQVOsT4ge5zxor/K1GznkQejeh88E3ms64jZMUGciDUYLM09YIih7WnI84adb2wJ2suM/YottnH4P3aOzvPvbzrjSwfyKg+zz89jwu5nH4caAWhvIbCVXhKWAXqEehHtef3xiNK9l4A9obGKocqHrn4GI/uLKdOxEZGD+T+GCMSVK59y4FOfYsAw==,Competency,Defining and refining the software development process to better fit a software development entity,Process Definition and Tailoring
http://schema.cassproject.org/0.3,https://sandbox.cassproject.org/api/custom/data/schema.cassproject.org.0.3.Competency/2f1ec999-061b-4565-8054-210b4dae28e9/1522269782661,-----BEGIN PUBLIC KEY-----MIIBIjANBgkqhkiG9w0BAQEFAAOCAQ8AMIIBCgKCAQEApTxgJ6CusNFf2G07gZuMmLvPjeQnY/35pX52YN+s1o48fAHT45ryLMfHnPKPBPr6KEmHtt4vQNsh5gvx8AjpHxAltKPDqe93As8ojKVEdM30VIqImM2raBuXgbJRpuUdynVCM94+uFaeSdQhvTgGoWt0qqsJ8xlaNFMEm0Bm8ExfXSRMA+8B7oFuG6qAqW3LhwRwUhbaDLqcs5kHle4jB3PaSVLGppGWNXhpzzVM9Dt4BFKyDRKiRLf8mEkInG+VyFC0YWKQdazoe8wVVHyJD5FEVB9ptqT0PcVeU3uEip1dAtSOMoSSmCIvasS+XuNIyd6pi3QlW8jTlemqELgUcwIDAQAB-----END PUBLIC KEY-----,Exjkz76MuGom+Bs3dp+rCBdg4v8Ta5p38sKrSoSM0FMMpmhRTv72VYi9C5RETRgnRa4x6auBfo8sSpGduaxPo8Op2SWAgWGRSsfhNO3ospVcgL4f2AAItJOYS5QpkBzSsdbWBXQERL1G/V7TlZInuptXsGSl8Z9Pc24iXEvm1dhNbxIHjrqdbvo+mnxYHg23UdiOm63lUtRu/84dpbYdX2D8l1NbQ0E39baERc/aKdL5nwprkUSjcjruVNkgbYru7rwKapJmayxM1icd14JaLAY+DeD1Xr4skGJ45gBlk64olSEvmKywVsxY0tiMMwXlJluLFqoRgOzXW5MT8+XOEg==,Competency,"Implementing and managing a software development process ",Process Implementation and Management
http://schema.cassproject.org/0.3,https://sandbox.cassproject.org/api/custom/data/schema.cassproject.org.0.3.Competency/0ed7f3b1-5eee-4fe6-bafb-5705a1ab4f0e/1522269782535,-----BEGIN PUBLIC KEY-----MIIBIjANBgkqhkiG9w0BAQEFAAOCAQ8AMIIBCgKCAQEApTxgJ6CusNFf2G07gZuMmLvPjeQnY/35pX52YN+s1o48fAHT45ryLMfHnPKPBPr6KEmHtt4vQNsh5gvx8AjpHxAltKPDqe93As8ojKVEdM30VIqImM2raBuXgbJRpuUdynVCM94+uFaeSdQhvTgGoWt0qqsJ8xlaNFMEm0Bm8ExfXSRMA+8B7oFuG6qAqW3LhwRwUhbaDLqcs5kHle4jB3PaSVLGppGWNXhpzzVM9Dt4BFKyDRKiRLf8mEkInG+VyFC0YWKQdazoe8wVVHyJD5FEVB9ptqT0PcVeU3uEip1dAtSOMoSSmCIvasS+XuNIyd6pi3QlW8jTlemqELgUcwIDAQAB-----END PUBLIC KEY-----,g+4CrE4ZOBxxqSn/FfUuvdkAknsNPxj53MN8o951gZacsfcTrbYr26K4k61eQmxrAtL6VgQtdYALtYF4EVzoDfW5wOrAUF7tWPdpKMIs37TwOUPDtnbpHCH1ibfh+NStkkLhJyxxGfyxB6AM27ByDeQeKMlqFhmwPuP/ly1R1yxBK/cjidXks5/u95mBIrf+Kl+FmRC0kA3yWnUGH3ipz99SwagUppYD0BsSWcvxPBeMHjgOcV+X4zJKRVjJ3r544AvbnJ+kcI/a9jobf7HDZFLSiwBcimg/FECMejkGjD5EHmhDmpE0SSnKIw/Bz7r6rZtqxi2j7IO9ltiYZ/2Yfg==,Competency,The further assessment and refinement of a software development process after each iteration of use,Process Assessment and Improvement
http://schema.cassproject.org/0.3,https://sandbox.cassproject.org/api/custom/data/schema.cassproject.org.0.3.Competency/9eccb1e9-eecf-4285-a1c6-ed6fc1de0bac/1522269782387,-----BEGIN PUBLIC KEY-----MIIBIjANBgkqhkiG9w0BAQEFAAOCAQ8AMIIBCgKCAQEApTxgJ6CusNFf2G07gZuMmLvPjeQnY/35pX52YN+s1o48fAHT45ryLMfHnPKPBPr6KEmHtt4vQNsh5gvx8AjpHxAltKPDqe93As8ojKVEdM30VIqImM2raBuXgbJRpuUdynVCM94+uFaeSdQhvTgGoWt0qqsJ8xlaNFMEm0Bm8ExfXSRMA+8B7oFuG6qAqW3LhwRwUhbaDLqcs5kHle4jB3PaSVLGppGWNXhpzzVM9Dt4BFKyDRKiRLf8mEkInG+VyFC0YWKQdazoe8wVVHyJD5FEVB9ptqT0PcVeU3uEip1dAtSOMoSSmCIvasS+XuNIyd6pi3QlW8jTlemqELgUcwIDAQAB-----END PUBLIC KEY-----,GEPp+233Vvy373JwOTG7IaMDZvoFinUMClpXsHtkA/ZWTzHxNPl7JbQPZAW8tZrwHPCTQXoToajm+rNeiOp9PyiA3Sz81eJPvpCt/6gpMTGxSiCA4daKH+Jrpa788R6ihHUlTN59uxf+Qj6/kEOX/j1Uv7c4nMrwWJVn5+8xyZeOPv8ti3j4TQvDg9QQskPb5IaTVYcEffj9d6JdwBBtQn/eWnB9YtLhfGcz2hpAL1kwyuzwREze7PvrZWxYi/KOa+o2TC2U60/SJ1KA4nyu03MxyGfPB1N/qZuPqSrdyKjAy/K5X9UuLmb87ThO1IZeLFjJEdfG31FKVKXlBO2Bpw==,Competency,The task of tracking and controlling changes in software systems,Software Configuration Management
http://schema.cassproject.org/0.3,https://sandbox.cassproject.org/api/custom/data/schema.cassproject.org.0.3.Competency/7c01effb-3655-4447-ae3c-b0b7a0f4d8e6/1522269782236,-----BEGIN PUBLIC KEY-----MIIBIjANBgkqhkiG9w0BAQEFAAOCAQ8AMIIBCgKCAQEApTxgJ6CusNFf2G07gZuMmLvPjeQnY/35pX52YN+s1o48fAHT45ryLMfHnPKPBPr6KEmHtt4vQNsh5gvx8AjpHxAltKPDqe93As8ojKVEdM30VIqImM2raBuXgbJRpuUdynVCM94+uFaeSdQhvTgGoWt0qqsJ8xlaNFMEm0Bm8ExfXSRMA+8B7oFuG6qAqW3LhwRwUhbaDLqcs5kHle4jB3PaSVLGppGWNXhpzzVM9Dt4BFKyDRKiRLf8mEkInG+VyFC0YWKQdazoe8wVVHyJD5FEVB9ptqT0PcVeU3uEip1dAtSOMoSSmCIvasS+XuNIyd6pi3QlW8jTlemqELgUcwIDAQAB-----END PUBLIC KEY-----,FqYA4eTIks7CXh+oLENNe47H9jrNNh4RJfT//nzzeqr7RvS4m/hLc7Q73U0vUZLUumdf9H4VDOgkyvS4IHJqVpttYU2wOoFIz1MEUB/8wLF64RJ8s8ZbrV2MEMD/8AgjZUpqxu/7eLd5qkfsQyoo+G4qLNYmO6T/gCIY9cfh02kq/6T0A93cm50gpUoT7IsWPvKrwkPfhfvkvatHsKGHjtixsLmM5WtPag1Oc/lC/WYejN3PcDBAVD3mLRdYMci6QHfNrRbbH7BtW5dHaIPB+I+SJCdNI+X4aUNBzDWNAkZXVkaVVPPOR1Vt0WOCW6h9WMSHXw3AiDH7rTqm64LQsQ==,Competency,"Identifying and controlling major software changes, ensuring that change is being properly implemented, and reporting changes to any effected entities",Plan SCM
http://schema.cassproject.org/0.3,https://sandbox.cassproject.org/api/custom/data/schema.cassproject.org.0.3.Competency/e875ee63-0e6f-43e5-9fb0-47fcb58fbb1b/1522269782109,-----BEGIN PUBLIC KEY-----MIIBIjANBgkqhkiG9w0BAQEFAAOCAQ8AMIIBCgKCAQEApTxgJ6CusNFf2G07gZuMmLvPjeQnY/35pX52YN+s1o48fAHT45ryLMfHnPKPBPr6KEmHtt4vQNsh5gvx8AjpHxAltKPDqe93As8ojKVEdM30VIqImM2raBuXgbJRpuUdynVCM94+uFaeSdQhvTgGoWt0qqsJ8xlaNFMEm0Bm8ExfXSRMA+8B7oFuG6qAqW3LhwRwUhbaDLqcs5kHle4jB3PaSVLGppGWNXhpzzVM9Dt4BFKyDRKiRLf8mEkInG+VyFC0YWKQdazoe8wVVHyJD5FEVB9ptqT0PcVeU3uEip1dAtSOMoSSmCIvasS+XuNIyd6pi3QlW8jTlemqELgUcwIDAQAB-----END PUBLIC KEY-----,Efq8NJd/d41BmWVUemuBc5OOXOBJDUb3C2fqv/LORHR/ZqvEhadFGG/VxLUYlbB/SRFr2OpphjakkeElsS/dI/nQ1XyjphMIvrRz6f7YAvldUmeUyVCSBoGYWRSsiHLegmXPiU2ab4DW4vqrDOTXN+Zz5WxtdZuVLTk+RyI+nu5EnXUW6C0lnv6h+PMETfbP3UyBlkABBk7+V3l6HF6e2qESvo0L8Xb08ABmpM85h3qoi/nPsbTPy0lnej4bdChHEhwY7iu7oO7dFUGWHdrZynYVGvDuItIoGpSGScgrPITW4JHGuNgZqb8NaLTUZJ7KYRb3VIQEVGmwUEKahVAzyA==,Competency,Implementing changes in existing software systems,Conduct SCM
http://schema.cassproject.org/0.3,https://sandbox.cassproject.org/api/custom/data/schema.cassproject.org.0.3.Competency/00fe39cc-8952-4d69-8e4f-d749553b4cb4/1522269781947,-----BEGIN PUBLIC KEY-----MIIBIjANBgkqhkiG9w0BAQEFAAOCAQ8AMIIBCgKCAQEApTxgJ6CusNFf2G07gZuMmLvPjeQnY/35pX52YN+s1o48fAHT45ryLMfHnPKPBPr6KEmHtt4vQNsh5gvx8AjpHxAltKPDqe93As8ojKVEdM30VIqImM2raBuXgbJRpuUdynVCM94+uFaeSdQhvTgGoWt0qqsJ8xlaNFMEm0Bm8ExfXSRMA+8B7oFuG6qAqW3LhwRwUhbaDLqcs5kHle4jB3PaSVLGppGWNXhpzzVM9Dt4BFKyDRKiRLf8mEkInG+VyFC0YWKQdazoe8wVVHyJD5FEVB9ptqT0PcVeU3uEip1dAtSOMoSSmCIvasS+XuNIyd6pi3QlW8jTlemqELgUcwIDAQAB-----END PUBLIC KEY-----,D/CFUvm0aC+7dsY3nfHRdv+FbHZcN2moV5ojJoCJjb0sjzEyYCewpLA0UH/arvWioewtaYvrxy+wYET0FNsv4jlTzxDtzm7AocmvBzu9vMhu9QT45xp1eAqPvG9CSQshLt6FhAqTUsqs773rX7onggQ2bhOfudqRqS5oONqpnRMXxp6Q4Q2YymKiJFk15IsuOmB5xIChX3FsRhTYWzeyrflNiEWJjoeZs1eFxT1E3G5QV1H1/dVYJdnsWbnFpnr0C4h/9q5yp2UPstLHo9ZA9jRngD3f1j5Y9VtHtk466WjC+YaouPl5onbvVhM3+eDOfR1ZkUzSBC7BL0RKh/ShNw==,Competency,"Managing, planning, scheduling and controlling a software build through different stages and environments",Manage Software Releases